algo,instance,n,m,chi_true,seed,k_used,violations,gap_true,gap_dsatur,runtime_s
aco,anna,138,493,11,0.0,75,0,64,64,223.106
aco,anna,138,493,11,1.0,73,0,62,62,223.05
aco,anna,138,493,11,2.0,74,0,63,63,223.2991
aco,anna,138,493,11,3.0,74,0,63,63,222.0625
aco,anna,138,493,11,4.0,73,0,62,62,223.4382
aco,anna,138,493,11,5.0,72,0,61,61,221.81
aco,anna,138,493,11,6.0,73,0,62,62,221.7339
aco,anna,138,493,11,7.0,74,0,63,63,221.8082
aco,anna,138,493,11,8.0,75,0,64,64,222.6188
aco,anna,138,493,11,9.0,74,0,63,63,221.2958
dsatur,anna,138,493,11,,11,0,0,0,0.0066
ga,anna,138,493,11,0.0,43,0,32,32,3.7364
ga,anna,138,493,11,1.0,43,0,32,32,3.7418
ga,anna,138,493,11,2.0,43,0,32,32,3.7776
ga,anna,138,493,11,3.0,41,0,30,30,3.7623
ga,anna,138,493,11,4.0,45,0,34,34,3.7678
ga,anna,138,493,11,5.0,43,0,32,32,3.784
ga,anna,138,493,11,6.0,43,0,32,32,3.779
ga,anna,138,493,11,7.0,43,0,32,32,3.7527
ga,anna,138,493,11,8.0,45,0,34,34,3.7577
ga,anna,138,493,11,9.0,43,0,32,32,3.7649
gae,anna,138,493,11,0.0,45,0,34,34,3.9972
gae,anna,138,493,11,1.0,46,0,35,35,4.0103
gae,anna,138,493,11,2.0,45,0,34,34,3.9634
gae,anna,138,493,11,3.0,41,0,30,30,3.9597
gae,anna,138,493,11,4.0,43,0,32,32,3.9648
gae,anna,138,493,11,5.0,47,0,36,36,3.9717
gae,anna,138,493,11,6.0,47,0,36,36,3.9623
gae,anna,138,493,11,7.0,40,0,29,29,3.979
gae,anna,138,493,11,8.0,44,0,33,33,3.9679
gae,anna,138,493,11,9.0,44,0,33,33,3.9817
hybrid_aco_sa,anna,138,493,11,0.0,21,0,10,10,8.5997
hybrid_aco_sa,anna,138,493,11,1.0,24,0,13,13,8.6425
hybrid_aco_sa,anna,138,493,11,2.0,21,0,10,10,8.5937
hybrid_aco_sa,anna,138,493,11,3.0,23,0,12,12,8.6267
hybrid_aco_sa,anna,138,493,11,4.0,22,0,11,11,8.6562
hybrid_aco_sa,anna,138,493,11,5.0,22,0,11,11,8.641
hybrid_aco_sa,anna,138,493,11,6.0,21,0,10,10,8.6102
hybrid_aco_sa,anna,138,493,11,7.0,24,0,13,13,8.6145
hybrid_aco_sa,anna,138,493,11,8.0,23,0,12,12,8.6132
hybrid_aco_sa,anna,138,493,11,9.0,23,0,12,12,8.6062
hybrid_ga_sa,anna,138,493,11,0.0,15,0,4,4,273.7289
hybrid_ga_sa,anna,138,493,11,1.0,15,0,4,4,269.8272
hybrid_ga_sa,anna,138,493,11,2.0,16,0,5,5,269.7248
hybrid_ga_sa,anna,138,493,11,3.0,16,0,5,5,269.7141
hybrid_ga_sa,anna,138,493,11,4.0,15,0,4,4,269.6475
hybrid_ga_sa,anna,138,493,11,5.0,16,0,5,5,269.27
hybrid_ga_sa,anna,138,493,11,6.0,15,0,4,4,270.0872
hybrid_ga_sa,anna,138,493,11,7.0,15,0,4,4,269.787
hybrid_ga_sa,anna,138,493,11,8.0,16,0,5,5,270.3586
hybrid_ga_sa,anna,138,493,11,9.0,15,0,4,4,269.5225
sa,anna,138,493,11,0.0,42,0,31,31,1.2898
sa,anna,138,493,11,1.0,46,0,35,35,1.2909
sa,anna,138,493,11,2.0,40,0,29,29,1.297
sa,anna,138,493,11,3.0,44,0,33,33,1.296
sa,anna,138,493,11,4.0,43,0,32,32,1.2964
sa,anna,138,493,11,5.0,43,0,32,32,1.2842
sa,anna,138,493,11,6.0,43,0,32,32,1.2838
sa,anna,138,493,11,7.0,45,0,34,34,1.2774
sa,anna,138,493,11,8.0,47,0,36,36,1.2821
sa,anna,138,493,11,9.0,41,0,30,30,1.2909
aco,jean,80,254,10,0.0,22,0,12,12,118.6592
aco,jean,80,254,10,1.0,19,0,9,9,118.5817
aco,jean,80,254,10,2.0,25,0,15,15,118.2239
aco,jean,80,254,10,3.0,21,0,11,11,118.3581
aco,jean,80,254,10,4.0,21,0,11,11,118.0711
aco,jean,80,254,10,5.0,21,0,11,11,117.7356
aco,jean,80,254,10,6.0,19,0,9,9,117.6652
aco,jean,80,254,10,7.0,21,0,11,11,117.9672
aco,jean,80,254,10,8.0,21,0,11,11,118.2082
aco,jean,80,254,10,9.0,20,0,10,10,118.1769
dsatur,jean,80,254,10,,10,0,0,0,0.0027
ga,jean,80,254,10,0.0,24,0,14,14,2.186
ga,jean,80,254,10,1.0,21,0,11,11,2.1992
ga,jean,80,254,10,2.0,24,0,14,14,2.2023
ga,jean,80,254,10,3.0,24,0,14,14,2.2076
ga,jean,80,254,10,4.0,19,0,9,9,2.2138
ga,jean,80,254,10,5.0,22,0,12,12,2.2033
ga,jean,80,254,10,6.0,21,0,11,11,2.2004
ga,jean,80,254,10,7.0,24,0,14,14,2.2091
ga,jean,80,254,10,8.0,22,0,12,12,2.2151
ga,jean,80,254,10,9.0,22,0,12,12,2.2164
gae,jean,80,254,10,0.0,22,0,12,12,2.324
gae,jean,80,254,10,1.0,22,0,12,12,2.3263
gae,jean,80,254,10,2.0,22,0,12,12,2.3296
gae,jean,80,254,10,3.0,24,0,14,14,2.2982
gae,jean,80,254,10,4.0,23,0,13,13,2.3109
gae,jean,80,254,10,5.0,20,0,10,10,2.3251
gae,jean,80,254,10,6.0,23,0,13,13,2.3113
gae,jean,80,254,10,7.0,22,0,12,12,2.3137
gae,jean,80,254,10,8.0,22,0,12,12,2.3236
gae,jean,80,254,10,9.0,23,0,13,13,2.3239
hybrid_aco_sa,jean,80,254,10,0.0,14,0,4,4,4.5426
hybrid_aco_sa,jean,80,254,10,1.0,15,0,5,5,4.5653
hybrid_aco_sa,jean,80,254,10,2.0,13,0,3,3,4.5555
hybrid_aco_sa,jean,80,254,10,3.0,14,0,4,4,4.5443
hybrid_aco_sa,jean,80,254,10,4.0,14,0,4,4,4.5617
hybrid_aco_sa,jean,80,254,10,5.0,15,0,5,5,4.5528
hybrid_aco_sa,jean,80,254,10,6.0,15,0,5,5,4.5546
hybrid_aco_sa,jean,80,254,10,7.0,14,0,4,4,4.5628
hybrid_aco_sa,jean,80,254,10,8.0,13,0,3,3,4.5565
hybrid_aco_sa,jean,80,254,10,9.0,15,0,5,5,4.5492
hybrid_ga_sa,jean,80,254,10,0.0,11,0,1,1,155.9726
hybrid_ga_sa,jean,80,254,10,1.0,11,0,1,1,154.2
hybrid_ga_sa,jean,80,254,10,2.0,10,0,0,0,154.2223
hybrid_ga_sa,jean,80,254,10,3.0,11,0,1,1,153.9855
hybrid_ga_sa,jean,80,254,10,4.0,11,0,1,1,154.3431
hybrid_ga_sa,jean,80,254,10,5.0,11,0,1,1,154.6065
hybrid_ga_sa,jean,80,254,10,6.0,10,0,0,0,154.1445
hybrid_ga_sa,jean,80,254,10,7.0,10,0,0,0,154.0701
hybrid_ga_sa,jean,80,254,10,8.0,11,0,1,1,153.6257
hybrid_ga_sa,jean,80,254,10,9.0,10,0,0,0,153.8522
sa,jean,80,254,10,0.0,27,0,17,17,0.7236
sa,jean,80,254,10,1.0,26,0,16,16,0.7222
sa,jean,80,254,10,2.0,29,0,19,19,0.7256
sa,jean,80,254,10,3.0,30,0,20,20,0.7215
sa,jean,80,254,10,4.0,27,0,17,17,0.7218
sa,jean,80,254,10,5.0,27,0,17,17,0.7234
sa,jean,80,254,10,6.0,29,0,19,19,0.7226
sa,jean,80,254,10,7.0,26,0,16,16,0.7262
sa,jean,80,254,10,8.0,26,0,16,16,0.7256
sa,jean,80,254,10,9.0,29,0,19,19,0.7253
aco,miles250,128,387,8,0.0,69,0,61,61,198.6495
aco,miles250,128,387,8,1.0,68,0,60,60,199.6558
aco,miles250,128,387,8,2.0,68,0,60,60,199.1839
aco,miles250,128,387,8,3.0,65,0,57,57,198.5907
aco,miles250,128,387,8,4.0,69,0,61,61,198.7193
aco,miles250,128,387,8,5.0,67,0,59,59,198.9254
aco,miles250,128,387,8,6.0,68,0,60,60,198.1349
aco,miles250,128,387,8,7.0,67,0,59,59,197.6739
aco,miles250,128,387,8,8.0,67,0,59,59,198.5065
aco,miles250,128,387,8,9.0,67,0,59,59,198.5909
dsatur,miles250,128,387,8,,8,0,0,0,0.0059
ga,miles250,128,387,8,0.0,40,0,32,32,3.2602
ga,miles250,128,387,8,1.0,38,0,30,30,3.2399
ga,miles250,128,387,8,2.0,40,0,32,32,3.2694
ga,miles250,128,387,8,3.0,41,0,33,33,3.2598
ga,miles250,128,387,8,4.0,35,0,27,27,3.2786
ga,miles250,128,387,8,5.0,42,0,34,34,3.2803
ga,miles250,128,387,8,6.0,38,0,30,30,3.2877
ga,miles250,128,387,8,7.0,40,0,32,32,3.2824
ga,miles250,128,387,8,8.0,41,0,33,33,3.2822
ga,miles250,128,387,8,9.0,37,0,29,29,3.2769
gae,miles250,128,387,8,0.0,37,0,29,29,3.4403
gae,miles250,128,387,8,1.0,41,0,33,33,3.455
gae,miles250,128,387,8,2.0,41,0,33,33,3.4615
gae,miles250,128,387,8,3.0,39,0,31,31,3.4511
gae,miles250,128,387,8,4.0,39,0,31,31,3.4418
gae,miles250,128,387,8,5.0,41,0,33,33,3.4566
gae,miles250,128,387,8,6.0,40,0,32,32,3.4343
gae,miles250,128,387,8,7.0,41,0,33,33,3.4315
gae,miles250,128,387,8,8.0,39,0,31,31,3.4343
gae,miles250,128,387,8,9.0,42,0,34,34,3.4371
hybrid_aco_sa,miles250,128,387,8,0.0,20,0,12,12,7.6414
hybrid_aco_sa,miles250,128,387,8,1.0,21,0,13,13,7.6612
hybrid_aco_sa,miles250,128,387,8,2.0,21,0,13,13,7.6263
hybrid_aco_sa,miles250,128,387,8,3.0,20,0,12,12,7.6374
hybrid_aco_sa,miles250,128,387,8,4.0,20,0,12,12,7.6283
hybrid_aco_sa,miles250,128,387,8,5.0,21,0,13,13,7.6644
hybrid_aco_sa,miles250,128,387,8,6.0,21,0,13,13,7.6426
hybrid_aco_sa,miles250,128,387,8,7.0,21,0,13,13,7.6408
hybrid_aco_sa,miles250,128,387,8,8.0,22,0,14,14,7.6427
hybrid_aco_sa,miles250,128,387,8,9.0,21,0,13,13,7.6508
hybrid_ga_sa,miles250,128,387,8,0.0,15,0,7,7,246.4522
hybrid_ga_sa,miles250,128,387,8,1.0,14,0,6,6,244.5683
hybrid_ga_sa,miles250,128,387,8,2.0,14,0,6,6,244.4116
hybrid_ga_sa,miles250,128,387,8,3.0,13,0,5,5,244.2039
hybrid_ga_sa,miles250,128,387,8,4.0,13,0,5,5,244.5667
hybrid_ga_sa,miles250,128,387,8,5.0,14,0,6,6,245.1724
hybrid_ga_sa,miles250,128,387,8,6.0,13,0,5,5,244.906
hybrid_ga_sa,miles250,128,387,8,7.0,13,0,5,5,245.5417
hybrid_ga_sa,miles250,128,387,8,8.0,15,0,7,7,245.0257
hybrid_ga_sa,miles250,128,387,8,9.0,15,0,7,7,244.5864
sa,miles250,128,387,8,0.0,41,0,33,33,1.1512
sa,miles250,128,387,8,1.0,45,0,37,37,1.1559
sa,miles250,128,387,8,2.0,45,0,37,37,1.1598
sa,miles250,128,387,8,3.0,43,0,35,35,1.1562
sa,miles250,128,387,8,4.0,42,0,34,34,1.1569
sa,miles250,128,387,8,5.0,38,0,30,30,1.1632
sa,miles250,128,387,8,6.0,45,0,37,37,1.1623
sa,miles250,128,387,8,7.0,42,0,34,34,1.1607
sa,miles250,128,387,8,8.0,39,0,31,31,1.1624
sa,miles250,128,387,8,9.0,40,0,32,32,1.1727
aco,miles500,128,1170,20,0.0,71,0,51,51,228.3802
aco,miles500,128,1170,20,1.0,72,0,52,52,228.2097
aco,miles500,128,1170,20,2.0,71,0,51,51,228.4141
aco,miles500,128,1170,20,3.0,69,0,49,49,228.2801
aco,miles500,128,1170,20,4.0,69,0,49,49,228.5246
aco,miles500,128,1170,20,5.0,71,0,51,51,228.2275
aco,miles500,128,1170,20,6.0,72,0,52,52,227.4678
aco,miles500,128,1170,20,7.0,72,0,52,52,228.3181
aco,miles500,128,1170,20,8.0,70,0,50,50,227.7625
aco,miles500,128,1170,20,9.0,69,0,49,49,227.3557
dsatur,miles500,128,1170,20,,20,0,0,0,0.0058
ga,miles500,128,1170,20,0.0,45,0,25,25,5.5224
ga,miles500,128,1170,20,1.0,45,0,25,25,5.4986
ga,miles500,128,1170,20,2.0,43,0,23,23,5.5422
ga,miles500,128,1170,20,3.0,45,0,25,25,5.6067
ga,miles500,128,1170,20,4.0,45,0,25,25,5.6282
ga,miles500,128,1170,20,5.0,42,0,22,22,5.5659
ga,miles500,128,1170,20,6.0,47,0,27,27,5.592
ga,miles500,128,1170,20,7.0,42,0,22,22,5.5882
ga,miles500,128,1170,20,8.0,43,0,23,23,5.5913
ga,miles500,128,1170,20,9.0,45,0,25,25,5.6497
gae,miles500,128,1170,20,0.0,44,0,24,24,5.915
gae,miles500,128,1170,20,1.0,42,0,22,22,5.887
gae,miles500,128,1170,20,2.0,43,0,23,23,5.8908
gae,miles500,128,1170,20,3.0,42,0,22,22,5.8967
gae,miles500,128,1170,20,4.0,45,0,25,25,5.9192
gae,miles500,128,1170,20,5.0,44,0,24,24,5.8793
gae,miles500,128,1170,20,6.0,44,0,24,24,5.8669
gae,miles500,128,1170,20,7.0,46,0,26,26,5.8592
gae,miles500,128,1170,20,8.0,46,0,26,26,5.8962
gae,miles500,128,1170,20,9.0,44,0,24,24,5.9255
hybrid_aco_sa,miles500,128,1170,20,0.0,27,0,7,7,8.7385
hybrid_aco_sa,miles500,128,1170,20,1.0,27,0,7,7,8.7744
hybrid_aco_sa,miles500,128,1170,20,2.0,26,0,6,6,8.7682
hybrid_aco_sa,miles500,128,1170,20,3.0,26,0,6,6,8.8026
hybrid_aco_sa,miles500,128,1170,20,4.0,27,0,7,7,8.7771
hybrid_aco_sa,miles500,128,1170,20,5.0,27,0,7,7,8.7951
hybrid_aco_sa,miles500,128,1170,20,6.0,27,0,7,7,8.7951
hybrid_aco_sa,miles500,128,1170,20,7.0,26,0,6,6,8.7421
hybrid_aco_sa,miles500,128,1170,20,8.0,27,0,7,7,8.7971
hybrid_aco_sa,miles500,128,1170,20,9.0,27,0,7,7,8.8193
hybrid_ga_sa,miles500,128,1170,20,0.0,21,0,1,1,307.1568
hybrid_ga_sa,miles500,128,1170,20,1.0,21,0,1,1,304.6654
hybrid_ga_sa,miles500,128,1170,20,2.0,21,0,1,1,304.4186
hybrid_ga_sa,miles500,128,1170,20,3.0,22,0,2,2,304.9837
hybrid_ga_sa,miles500,128,1170,20,4.0,21,0,1,1,304.635
hybrid_ga_sa,miles500,128,1170,20,5.0,22,0,2,2,304.7848
hybrid_ga_sa,miles500,128,1170,20,6.0,22,0,2,2,304.084
hybrid_ga_sa,miles500,128,1170,20,7.0,21,0,1,1,304.5553
hybrid_ga_sa,miles500,128,1170,20,8.0,22,0,2,2,304.5408
hybrid_ga_sa,miles500,128,1170,20,9.0,22,0,2,2,303.7816
sa,miles500,128,1170,20,0.0,46,0,26,26,1.4743
sa,miles500,128,1170,20,1.0,45,0,25,25,1.4871
sa,miles500,128,1170,20,2.0,46,0,26,26,1.4569
sa,miles500,128,1170,20,3.0,42,0,22,22,1.4644
sa,miles500,128,1170,20,4.0,50,0,30,30,1.462
sa,miles500,128,1170,20,5.0,46,0,26,26,1.4619
sa,miles500,128,1170,20,6.0,45,0,25,25,1.4636
sa,miles500,128,1170,20,7.0,49,0,29,29,1.4525
sa,miles500,128,1170,20,8.0,44,0,24,24,1.4642
sa,miles500,128,1170,20,9.0,43,0,23,23,1.4646
aco,myciel3,11,20,4,0.0,4,0,0,0,15.7735
aco,myciel3,11,20,4,1.0,4,0,0,0,15.6783
aco,myciel3,11,20,4,2.0,4,0,0,0,15.7184
aco,myciel3,11,20,4,3.0,4,0,0,0,15.6853
aco,myciel3,11,20,4,4.0,4,0,0,0,15.764
aco,myciel3,11,20,4,5.0,4,0,0,0,15.7105
aco,myciel3,11,20,4,6.0,4,0,0,0,15.7042
aco,myciel3,11,20,4,7.0,4,0,0,0,15.7251
aco,myciel3,11,20,4,8.0,4,0,0,0,15.6893
aco,myciel3,11,20,4,9.0,4,0,0,0,15.6905
dsatur,myciel3,11,20,4,,4,0,0,0,0.0001
ga,myciel3,11,20,4,0.0,4,0,0,0,0.5311
ga,myciel3,11,20,4,1.0,4,0,0,0,0.5302
ga,myciel3,11,20,4,2.0,4,0,0,0,0.5293
ga,myciel3,11,20,4,3.0,4,0,0,0,0.5328
ga,myciel3,11,20,4,4.0,4,0,0,0,0.5307
ga,myciel3,11,20,4,5.0,4,0,0,0,0.5255
ga,myciel3,11,20,4,6.0,4,0,0,0,0.5266
ga,myciel3,11,20,4,7.0,4,0,0,0,0.531
ga,myciel3,11,20,4,8.0,4,0,0,0,0.5285
ga,myciel3,11,20,4,9.0,4,0,0,0,0.5316
gae,myciel3,11,20,4,0.0,4,0,0,0,0.5766
gae,myciel3,11,20,4,1.0,4,0,0,0,0.5744
gae,myciel3,11,20,4,2.0,4,0,0,0,0.5763
gae,myciel3,11,20,4,3.0,4,0,0,0,0.5758
gae,myciel3,11,20,4,4.0,4,0,0,0,0.5739
gae,myciel3,11,20,4,5.0,4,0,0,0,0.5762
gae,myciel3,11,20,4,6.0,4,0,0,0,0.5775
gae,myciel3,11,20,4,7.0,4,0,0,0,0.5781
gae,myciel3,11,20,4,8.0,4,0,0,0,0.5764
gae,myciel3,11,20,4,9.0,4,0,0,0,0.5759
hybrid_aco_sa,myciel3,11,20,4,0.0,4,0,0,0,0.611
hybrid_aco_sa,myciel3,11,20,4,1.0,4,0,0,0,0.6135
hybrid_aco_sa,myciel3,11,20,4,2.0,4,0,0,0,0.6179
hybrid_aco_sa,myciel3,11,20,4,3.0,4,0,0,0,0.6185
hybrid_aco_sa,myciel3,11,20,4,4.0,4,0,0,0,0.6159
hybrid_aco_sa,myciel3,11,20,4,5.0,4,0,0,0,0.6179
hybrid_aco_sa,myciel3,11,20,4,6.0,4,0,0,0,0.6157
hybrid_aco_sa,myciel3,11,20,4,7.0,4,0,0,0,0.6169
hybrid_aco_sa,myciel3,11,20,4,8.0,4,0,0,0,0.6189
hybrid_aco_sa,myciel3,11,20,4,9.0,4,0,0,0,0.6183
hybrid_ga_sa,myciel3,11,20,4,0.0,4,0,0,0,20.3389
hybrid_ga_sa,myciel3,11,20,4,1.0,4,0,0,0,20.2537
hybrid_ga_sa,myciel3,11,20,4,2.0,4,0,0,0,20.1927
hybrid_ga_sa,myciel3,11,20,4,3.0,4,0,0,0,20.1793
hybrid_ga_sa,myciel3,11,20,4,4.0,4,0,0,0,20.2357
hybrid_ga_sa,myciel3,11,20,4,5.0,4,0,0,0,20.215
hybrid_ga_sa,myciel3,11,20,4,6.0,4,0,0,0,20.2037
hybrid_ga_sa,myciel3,11,20,4,7.0,4,0,0,0,20.2157
hybrid_ga_sa,myciel3,11,20,4,8.0,4,0,0,0,20.1855
hybrid_ga_sa,myciel3,11,20,4,9.0,4,0,0,0,20.1498
sa,myciel3,11,20,4,0.0,4,0,0,0,0.0972
sa,myciel3,11,20,4,1.0,4,0,0,0,0.0966
sa,myciel3,11,20,4,2.0,4,0,0,0,0.0973
sa,myciel3,11,20,4,3.0,4,0,0,0,0.0967
sa,myciel3,11,20,4,4.0,4,0,0,0,0.0966
sa,myciel3,11,20,4,5.0,4,0,0,0,0.0972
sa,myciel3,11,20,4,6.0,4,0,0,0,0.0972
sa,myciel3,11,20,4,7.0,5,0,1,1,0.0969
sa,myciel3,11,20,4,8.0,4,0,0,0,0.0964
sa,myciel3,11,20,4,9.0,4,0,0,0,0.0964
aco,myciel4,23,71,5,0.0,6,0,1,1,32.9885
aco,myciel4,23,71,5,1.0,7,0,2,2,33.0703
aco,myciel4,23,71,5,2.0,6,0,1,1,33.0569
aco,myciel4,23,71,5,3.0,6,0,1,1,33.0404
aco,myciel4,23,71,5,4.0,6,0,1,1,33.0902
aco,myciel4,23,71,5,5.0,6,0,1,1,33.0526
aco,myciel4,23,71,5,6.0,8,0,3,3,33.0807
aco,myciel4,23,71,5,7.0,7,0,2,2,33.0175
aco,myciel4,23,71,5,8.0,8,0,3,3,33.072
aco,myciel4,23,71,5,9.0,6,0,1,1,33.0822
dsatur,myciel4,23,71,5,,5,0,0,0,0.0003
ga,myciel4,23,71,5,0.0,6,0,1,1,0.8517
ga,myciel4,23,71,5,1.0,7,0,2,2,0.852
ga,myciel4,23,71,5,2.0,6,0,1,1,0.8534
ga,myciel4,23,71,5,3.0,6,0,1,1,0.8536
ga,myciel4,23,71,5,4.0,6,0,1,1,0.8516
ga,myciel4,23,71,5,5.0,6,0,1,1,0.8579
ga,myciel4,23,71,5,6.0,6,0,1,1,0.8548
ga,myciel4,23,71,5,7.0,6,0,1,1,0.8529
ga,myciel4,23,71,5,8.0,6,0,1,1,0.86
ga,myciel4,23,71,5,9.0,5,0,0,0,0.8572
gae,myciel4,23,71,5,0.0,6,0,1,1,0.9135
gae,myciel4,23,71,5,1.0,6,0,1,1,0.9165
gae,myciel4,23,71,5,2.0,6,0,1,1,0.916
gae,myciel4,23,71,5,3.0,6,0,1,1,0.913
gae,myciel4,23,71,5,4.0,6,0,1,1,0.9155
gae,myciel4,23,71,5,5.0,6,0,1,1,0.9155
gae,myciel4,23,71,5,6.0,6,0,1,1,0.9077
gae,myciel4,23,71,5,7.0,6,0,1,1,0.912
gae,myciel4,23,71,5,8.0,5,0,0,0,0.9103
gae,myciel4,23,71,5,9.0,6,0,1,1,0.9169
hybrid_aco_sa,myciel4,23,71,5,0.0,5,0,0,0,1.2911
hybrid_aco_sa,myciel4,23,71,5,1.0,5,0,0,0,1.2894
hybrid_aco_sa,myciel4,23,71,5,2.0,5,0,0,0,1.2901
hybrid_aco_sa,myciel4,23,71,5,3.0,5,0,0,0,1.2897
hybrid_aco_sa,myciel4,23,71,5,4.0,5,0,0,0,1.2966
hybrid_aco_sa,myciel4,23,71,5,5.0,5,0,0,0,1.297
hybrid_aco_sa,myciel4,23,71,5,6.0,5,0,0,0,1.2988
hybrid_aco_sa,myciel4,23,71,5,7.0,5,0,0,0,1.3001
hybrid_aco_sa,myciel4,23,71,5,8.0,6,0,1,1,1.2978
hybrid_aco_sa,myciel4,23,71,5,9.0,5,0,0,0,1.2983
hybrid_ga_sa,myciel4,23,71,5,0.0,5,0,0,0,44.3658
hybrid_ga_sa,myciel4,23,71,5,1.0,5,0,0,0,44.3074
hybrid_ga_sa,myciel4,23,71,5,2.0,5,0,0,0,43.9794
hybrid_ga_sa,myciel4,23,71,5,3.0,5,0,0,0,44.0428
hybrid_ga_sa,myciel4,23,71,5,4.0,5,0,0,0,43.9223
hybrid_ga_sa,myciel4,23,71,5,5.0,5,0,0,0,44.0011
hybrid_ga_sa,myciel4,23,71,5,6.0,5,0,0,0,43.9511
hybrid_ga_sa,myciel4,23,71,5,7.0,5,0,0,0,43.9678
hybrid_ga_sa,myciel4,23,71,5,8.0,5,0,0,0,43.8315
hybrid_ga_sa,myciel4,23,71,5,9.0,5,0,0,0,43.8883
sa,myciel4,23,71,5,0.0,8,0,3,3,0.2089
sa,myciel4,23,71,5,1.0,8,0,3,3,0.2087
sa,myciel4,23,71,5,2.0,8,0,3,3,0.2085
sa,myciel4,23,71,5,3.0,9,0,4,4,0.2082
sa,myciel4,23,71,5,4.0,8,0,3,3,0.2084
sa,myciel4,23,71,5,5.0,8,0,3,3,0.2083
sa,myciel4,23,71,5,6.0,8,0,3,3,0.2082
sa,myciel4,23,71,5,7.0,8,0,3,3,0.2081
sa,myciel4,23,71,5,8.0,9,0,4,4,0.2085
sa,myciel4,23,71,5,9.0,8,0,3,3,0.2087
aco,myciel5,47,236,6,0.0,15,0,9,9,72.0589
aco,myciel5,47,236,6,1.0,15,0,9,9,72.1114
aco,myciel5,47,236,6,2.0,16,0,10,10,71.7746
aco,myciel5,47,236,6,3.0,14,0,8,8,71.884
aco,myciel5,47,236,6,4.0,15,0,9,9,71.8387
aco,myciel5,47,236,6,5.0,14,0,8,8,71.5408
aco,myciel5,47,236,6,6.0,14,0,8,8,71.5378
aco,myciel5,47,236,6,7.0,14,0,8,8,71.56
aco,myciel5,47,236,6,8.0,15,0,9,9,71.5607
aco,myciel5,47,236,6,9.0,14,0,8,8,71.6047
dsatur,myciel5,47,236,6,,6,0,0,0,0.0011
ga,myciel5,47,236,6,0.0,12,0,6,6,1.6736
ga,myciel5,47,236,6,1.0,14,0,8,8,1.683
ga,myciel5,47,236,6,2.0,13,0,7,7,1.6806
ga,myciel5,47,236,6,3.0,14,0,8,8,1.6831
ga,myciel5,47,236,6,4.0,13,0,7,7,1.6866
ga,myciel5,47,236,6,5.0,12,0,6,6,1.6999
ga,myciel5,47,236,6,6.0,12,0,6,6,1.6975
ga,myciel5,47,236,6,7.0,14,0,8,8,1.6914
ga,myciel5,47,236,6,8.0,13,0,7,7,1.6965
ga,myciel5,47,236,6,9.0,13,0,7,7,1.699
gae,myciel5,47,236,6,0.0,14,0,8,8,1.7952
gae,myciel5,47,236,6,1.0,12,0,6,6,1.8
gae,myciel5,47,236,6,2.0,14,0,8,8,1.7915
gae,myciel5,47,236,6,3.0,12,0,6,6,1.788
gae,myciel5,47,236,6,4.0,14,0,8,8,1.8019
gae,myciel5,47,236,6,5.0,12,0,6,6,1.7943
gae,myciel5,47,236,6,6.0,12,0,6,6,1.7927
gae,myciel5,47,236,6,7.0,13,0,7,7,1.786
gae,myciel5,47,236,6,8.0,12,0,6,6,1.7905
gae,myciel5,47,236,6,9.0,13,0,7,7,1.7949
hybrid_aco_sa,myciel5,47,236,6,0.0,9,0,3,3,2.7897
hybrid_aco_sa,myciel5,47,236,6,1.0,9,0,3,3,2.7957
hybrid_aco_sa,myciel5,47,236,6,2.0,9,0,3,3,2.7894
hybrid_aco_sa,myciel5,47,236,6,3.0,9,0,3,3,2.8026
hybrid_aco_sa,myciel5,47,236,6,4.0,10,0,4,4,2.7937
hybrid_aco_sa,myciel5,47,236,6,5.0,9,0,3,3,2.7862
hybrid_aco_sa,myciel5,47,236,6,6.0,9,0,3,3,2.7883
hybrid_aco_sa,myciel5,47,236,6,7.0,8,0,2,2,2.7981
hybrid_aco_sa,myciel5,47,236,6,8.0,9,0,3,3,2.7966
hybrid_aco_sa,myciel5,47,236,6,9.0,10,0,4,4,2.793
hybrid_ga_sa,myciel5,47,236,6,0.0,7,0,1,1,97.4153
hybrid_ga_sa,myciel5,47,236,6,1.0,7,0,1,1,96.8262
hybrid_ga_sa,myciel5,47,236,6,2.0,7,0,1,1,96.7824
hybrid_ga_sa,myciel5,47,236,6,3.0,7,0,1,1,96.5453
hybrid_ga_sa,myciel5,47,236,6,4.0,6,0,0,0,96.9539
hybrid_ga_sa,myciel5,47,236,6,5.0,7,0,1,1,96.7435
hybrid_ga_sa,myciel5,47,236,6,6.0,6,0,0,0,96.7529
hybrid_ga_sa,myciel5,47,236,6,7.0,7,0,1,1,96.826
hybrid_ga_sa,myciel5,47,236,6,8.0,7,0,1,1,96.7411
hybrid_ga_sa,myciel5,47,236,6,9.0,6,0,0,0,96.8143
sa,myciel5,47,236,6,0.0,18,0,12,12,0.455
sa,myciel5,47,236,6,1.0,18,0,12,12,0.4559
sa,myciel5,47,236,6,2.0,18,0,12,12,0.4542
sa,myciel5,47,236,6,3.0,19,0,13,13,0.4554
sa,myciel5,47,236,6,4.0,19,0,13,13,0.4562
sa,myciel5,47,236,6,5.0,15,0,9,9,0.4588
sa,myciel5,47,236,6,6.0,16,0,10,10,0.4593
sa,myciel5,47,236,6,7.0,17,0,11,11,0.4595
sa,myciel5,47,236,6,8.0,18,0,12,12,0.4573
sa,myciel5,47,236,6,9.0,17,0,11,11,0.4593
aco,myciel6,95,755,7,0.0,51,0,44,44,158.7398
aco,myciel6,95,755,7,1.0,51,0,44,44,157.6567
aco,myciel6,95,755,7,2.0,51,0,44,44,156.7697
aco,myciel6,95,755,7,3.0,50,0,43,43,156.7183
aco,myciel6,95,755,7,4.0,49,0,42,42,156.4603
aco,myciel6,95,755,7,5.0,51,0,44,44,156.4197
aco,myciel6,95,755,7,6.0,51,0,44,44,156.1673
aco,myciel6,95,755,7,7.0,50,0,43,43,156.386
aco,myciel6,95,755,7,8.0,51,0,44,44,156.0667
aco,myciel6,95,755,7,9.0,50,0,43,43,156.5797
dsatur,myciel6,95,755,7,,7,0,0,0,0.0036
ga,myciel6,95,755,7,0.0,30,0,23,23,3.8997
ga,myciel6,95,755,7,1.0,30,0,23,23,3.9061
ga,myciel6,95,755,7,2.0,33,0,26,26,3.938
ga,myciel6,95,755,7,3.0,30,0,23,23,3.8989
ga,myciel6,95,755,7,4.0,32,0,25,25,3.9462
ga,myciel6,95,755,7,5.0,33,0,26,26,3.9662
ga,myciel6,95,755,7,6.0,34,0,27,27,3.9603
ga,myciel6,95,755,7,7.0,30,0,23,23,3.9134
ga,myciel6,95,755,7,8.0,30,0,23,23,3.9178
ga,myciel6,95,755,7,9.0,29,0,22,22,3.9465
gae,myciel6,95,755,7,0.0,31,0,24,24,4.1492
gae,myciel6,95,755,7,1.0,31,0,24,24,4.1447
gae,myciel6,95,755,7,2.0,30,0,23,23,4.159
gae,myciel6,95,755,7,3.0,31,0,24,24,4.169
gae,myciel6,95,755,7,4.0,30,0,23,23,4.138
gae,myciel6,95,755,7,5.0,32,0,25,25,4.1367
gae,myciel6,95,755,7,6.0,31,0,24,24,4.1631
gae,myciel6,95,755,7,7.0,32,0,25,25,4.1692
gae,myciel6,95,755,7,8.0,31,0,24,24,4.1866
gae,myciel6,95,755,7,9.0,29,0,22,22,4.1425
hybrid_aco_sa,myciel6,95,755,7,0.0,18,0,11,11,6.1338
hybrid_aco_sa,myciel6,95,755,7,1.0,18,0,11,11,6.1182
hybrid_aco_sa,myciel6,95,755,7,2.0,18,0,11,11,6.1296
hybrid_aco_sa,myciel6,95,755,7,3.0,18,0,11,11,6.1068
hybrid_aco_sa,myciel6,95,755,7,4.0,18,0,11,11,6.1139
hybrid_aco_sa,myciel6,95,755,7,5.0,18,0,11,11,6.1092
hybrid_aco_sa,myciel6,95,755,7,6.0,18,0,11,11,6.1079
hybrid_aco_sa,myciel6,95,755,7,7.0,18,0,11,11,6.1439
hybrid_aco_sa,myciel6,95,755,7,8.0,18,0,11,11,6.1127
hybrid_aco_sa,myciel6,95,755,7,9.0,19,0,12,12,6.1099
hybrid_ga_sa,myciel6,95,755,7,0.0,12,0,5,5,220.5839
hybrid_ga_sa,myciel6,95,755,7,1.0,12,0,5,5,218.8018
hybrid_ga_sa,myciel6,95,755,7,2.0,11,0,4,4,219.0201
hybrid_ga_sa,myciel6,95,755,7,3.0,11,0,4,4,218.9763
hybrid_ga_sa,myciel6,95,755,7,4.0,12,0,5,5,218.824
hybrid_ga_sa,myciel6,95,755,7,5.0,13,0,6,6,217.9829
hybrid_ga_sa,myciel6,95,755,7,6.0,13,0,6,6,218.5467
hybrid_ga_sa,myciel6,95,755,7,7.0,12,0,5,5,218.0174
hybrid_ga_sa,myciel6,95,755,7,8.0,12,0,5,5,218.4946
hybrid_ga_sa,myciel6,95,755,7,9.0,12,0,5,5,218.8654
sa,myciel6,95,755,7,0.0,33,0,26,26,1.032
sa,myciel6,95,755,7,1.0,36,0,29,29,1.0349
sa,myciel6,95,755,7,2.0,33,0,26,26,1.0358
sa,myciel6,95,755,7,3.0,33,0,26,26,1.0351
sa,myciel6,95,755,7,4.0,34,0,27,27,1.0357
sa,myciel6,95,755,7,5.0,37,0,30,30,1.0447
sa,myciel6,95,755,7,6.0,32,0,25,25,1.0488
sa,myciel6,95,755,7,7.0,31,0,24,24,1.0489
sa,myciel6,95,755,7,8.0,31,0,24,24,1.0529
sa,myciel6,95,755,7,9.0,31,0,24,24,1.0476
aco,myciel7,191,2360,8,0.0,107,0,99,99,384.8341
aco,myciel7,191,2360,8,1.0,109,0,101,101,382.7179
aco,myciel7,191,2360,8,2.0,109,0,101,101,381.8681
aco,myciel7,191,2360,8,3.0,107,0,99,99,381.3724
aco,myciel7,191,2360,8,4.0,107,0,99,99,379.928
aco,myciel7,191,2360,8,5.0,109,0,101,101,380.8192
aco,myciel7,191,2360,8,6.0,108,0,100,100,380.3141
aco,myciel7,191,2360,8,7.0,108,0,100,100,381.8625
aco,myciel7,191,2360,8,8.0,108,0,100,100,380.6865
aco,myciel7,191,2360,8,9.0,108,0,100,100,381.5565
dsatur,myciel7,191,2360,8,,8,0,0,0,0.0125
ga,myciel7,191,2360,8,0.0,75,0,67,67,10.3083
ga,myciel7,191,2360,8,1.0,67,0,59,59,10.2464
ga,myciel7,191,2360,8,2.0,64,0,56,56,10.1854
ga,myciel7,191,2360,8,3.0,73,0,65,65,10.274
ga,myciel7,191,2360,8,4.0,71,0,63,63,10.2665
ga,myciel7,191,2360,8,5.0,71,0,63,63,10.2991
ga,myciel7,191,2360,8,6.0,65,0,57,57,10.2818
ga,myciel7,191,2360,8,7.0,68,0,60,60,10.2403
ga,myciel7,191,2360,8,8.0,68,0,60,60,10.3368
ga,myciel7,191,2360,8,9.0,73,0,65,65,10.2546
gae,myciel7,191,2360,8,0.0,70,0,62,62,10.8314
gae,myciel7,191,2360,8,1.0,71,0,63,63,10.7871
gae,myciel7,191,2360,8,2.0,72,0,64,64,10.8235
gae,myciel7,191,2360,8,3.0,73,0,65,65,10.8576
gae,myciel7,191,2360,8,4.0,74,0,66,66,10.7939
gae,myciel7,191,2360,8,5.0,65,0,57,57,10.7558
gae,myciel7,191,2360,8,6.0,69,0,61,61,10.8433
gae,myciel7,191,2360,8,7.0,71,0,63,63,10.852
gae,myciel7,191,2360,8,8.0,66,0,58,58,10.7346
gae,myciel7,191,2360,8,9.0,72,0,64,64,10.751
hybrid_aco_sa,myciel7,191,2360,8,0.0,35,0,27,27,14.8355
hybrid_aco_sa,myciel7,191,2360,8,1.0,35,0,27,27,14.8321
hybrid_aco_sa,myciel7,191,2360,8,2.0,33,0,25,25,14.8401
hybrid_aco_sa,myciel7,191,2360,8,3.0,34,0,26,26,14.8667
hybrid_aco_sa,myciel7,191,2360,8,4.0,32,0,24,24,14.889
hybrid_aco_sa,myciel7,191,2360,8,5.0,36,0,28,28,14.8694
hybrid_aco_sa,myciel7,191,2360,8,6.0,35,0,27,27,14.8143
hybrid_aco_sa,myciel7,191,2360,8,7.0,31,0,23,23,14.8559
hybrid_aco_sa,myciel7,191,2360,8,8.0,34,0,26,26,14.8939
hybrid_aco_sa,myciel7,191,2360,8,9.0,35,0,27,27,14.8801
hybrid_ga_sa,myciel7,191,2360,8,0.0,22,0,14,14,504.1881
hybrid_ga_sa,myciel7,191,2360,8,1.0,22,0,14,14,501.9472
hybrid_ga_sa,myciel7,191,2360,8,2.0,23,0,15,15,501.2578
hybrid_ga_sa,myciel7,191,2360,8,3.0,22,0,14,14,501.9185
hybrid_ga_sa,myciel7,191,2360,8,4.0,22,0,14,14,501.8505
hybrid_ga_sa,myciel7,191,2360,8,5.0,23,0,15,15,501.4758
hybrid_ga_sa,myciel7,191,2360,8,6.0,22,0,14,14,502.1789
hybrid_ga_sa,myciel7,191,2360,8,7.0,23,0,15,15,502.5078
hybrid_ga_sa,myciel7,191,2360,8,8.0,22,0,14,14,500.8935
hybrid_ga_sa,myciel7,191,2360,8,9.0,22,0,14,14,501.1416
sa,myciel7,191,2360,8,0.0,67,0,59,59,2.4772
sa,myciel7,191,2360,8,1.0,70,0,62,62,2.4866
sa,myciel7,191,2360,8,2.0,66,0,58,58,2.4759
sa,myciel7,191,2360,8,3.0,71,0,63,63,2.479
sa,myciel7,191,2360,8,4.0,65,0,57,57,2.4754
sa,myciel7,191,2360,8,5.0,63,0,55,55,2.4724
sa,myciel7,191,2360,8,6.0,59,0,51,51,2.4945
sa,myciel7,191,2360,8,7.0,63,0,55,55,2.4873
sa,myciel7,191,2360,8,8.0,70,0,62,62,2.4931
sa,myciel7,191,2360,8,9.0,68,0,60,60,2.4779
aco,queen5_5,25,160,5,0.0,10,0,5,5,39.4018
aco,queen5_5,25,160,5,1.0,9,0,4,4,39.5183
aco,queen5_5,25,160,5,2.0,9,0,4,4,39.5621
aco,queen5_5,25,160,5,3.0,9,0,4,4,39.423
aco,queen5_5,25,160,5,4.0,10,0,5,5,39.3298
aco,queen5_5,25,160,5,5.0,10,0,5,5,39.2058
aco,queen5_5,25,160,5,6.0,9,0,4,4,39.3412
aco,queen5_5,25,160,5,7.0,9,0,4,4,39.2285
aco,queen5_5,25,160,5,8.0,11,0,6,6,39.2123
aco,queen5_5,25,160,5,9.0,9,0,4,4,39.0837
dsatur,queen5_5,25,160,5,,5,0,0,0,0.0004
ga,queen5_5,25,160,5,0.0,7,0,2,2,1.1526
ga,queen5_5,25,160,5,1.0,9,0,4,4,1.1557
ga,queen5_5,25,160,5,2.0,9,0,4,4,1.1535
ga,queen5_5,25,160,5,3.0,8,0,3,3,1.1561
ga,queen5_5,25,160,5,4.0,9,0,4,4,1.1601
ga,queen5_5,25,160,5,5.0,9,0,4,4,1.158
ga,queen5_5,25,160,5,6.0,9,0,4,4,1.1577
ga,queen5_5,25,160,5,7.0,8,0,3,3,1.1586
ga,queen5_5,25,160,5,8.0,8,0,3,3,1.1625
ga,queen5_5,25,160,5,9.0,8,0,3,3,1.1599
gae,queen5_5,25,160,5,0.0,8,0,3,3,1.2364
gae,queen5_5,25,160,5,1.0,9,0,4,4,1.2334
gae,queen5_5,25,160,5,2.0,8,0,3,3,1.2386
gae,queen5_5,25,160,5,3.0,8,0,3,3,1.2364
gae,queen5_5,25,160,5,4.0,8,0,3,3,1.2334
gae,queen5_5,25,160,5,5.0,9,0,4,4,1.2335
gae,queen5_5,25,160,5,6.0,9,0,4,4,1.233
gae,queen5_5,25,160,5,7.0,8,0,3,3,1.2328
gae,queen5_5,25,160,5,8.0,8,0,3,3,1.2334
gae,queen5_5,25,160,5,9.0,10,0,5,5,1.2344
hybrid_aco_sa,queen5_5,25,160,5,0.0,6,0,1,1,1.5217
hybrid_aco_sa,queen5_5,25,160,5,1.0,8,0,3,3,1.525
hybrid_aco_sa,queen5_5,25,160,5,2.0,7,0,2,2,1.532
hybrid_aco_sa,queen5_5,25,160,5,3.0,7,0,2,2,1.5293
hybrid_aco_sa,queen5_5,25,160,5,4.0,6,0,1,1,1.5309
hybrid_aco_sa,queen5_5,25,160,5,5.0,7,0,2,2,1.5298
hybrid_aco_sa,queen5_5,25,160,5,6.0,7,0,2,2,1.5293
hybrid_aco_sa,queen5_5,25,160,5,7.0,8,0,3,3,1.5319
hybrid_aco_sa,queen5_5,25,160,5,8.0,5,0,0,0,1.5337
hybrid_aco_sa,queen5_5,25,160,5,9.0,6,0,1,1,1.5382
hybrid_ga_sa,queen5_5,25,160,5,0.0,5,0,0,0,54.9437
hybrid_ga_sa,queen5_5,25,160,5,1.0,5,0,0,0,54.4697
hybrid_ga_sa,queen5_5,25,160,5,2.0,5,0,0,0,54.6227
hybrid_ga_sa,queen5_5,25,160,5,3.0,5,0,0,0,54.6418
hybrid_ga_sa,queen5_5,25,160,5,4.0,5,0,0,0,54.7046
hybrid_ga_sa,queen5_5,25,160,5,5.0,5,0,0,0,54.6814
hybrid_ga_sa,queen5_5,25,160,5,6.0,5,0,0,0,54.561
hybrid_ga_sa,queen5_5,25,160,5,7.0,5,0,0,0,54.5807
hybrid_ga_sa,queen5_5,25,160,5,8.0,5,0,0,0,54.5816
hybrid_ga_sa,queen5_5,25,160,5,9.0,5,0,0,0,54.5564
sa,queen5_5,25,160,5,0.0,10,0,5,5,0.2691
sa,queen5_5,25,160,5,1.0,11,0,6,6,0.2707
sa,queen5_5,25,160,5,2.0,10,0,5,5,0.2695
sa,queen5_5,25,160,5,3.0,11,0,6,6,0.2687
sa,queen5_5,25,160,5,4.0,11,0,6,6,0.2681
sa,queen5_5,25,160,5,5.0,11,0,6,6,0.2677
sa,queen5_5,25,160,5,6.0,12,0,7,7,0.2664
sa,queen5_5,25,160,5,7.0,12,0,7,7,0.2646
sa,queen5_5,25,160,5,8.0,11,0,6,6,0.2651
sa,queen5_5,25,160,5,9.0,11,0,6,6,0.2655
aco,queen6_6,36,290,7,0.0,13,0,6,4,58.8737
aco,queen6_6,36,290,7,1.0,12,0,5,3,58.8731
aco,queen6_6,36,290,7,2.0,12,0,5,3,58.6775
aco,queen6_6,36,290,7,3.0,12,0,5,3,58.6444
aco,queen6_6,36,290,7,4.0,13,0,6,4,58.7798
aco,queen6_6,36,290,7,5.0,13,0,6,4,58.8265
aco,queen6_6,36,290,7,6.0,12,0,5,3,58.6318
aco,queen6_6,36,290,7,7.0,12,0,5,3,58.7143
aco,queen6_6,36,290,7,8.0,13,0,6,4,58.5885
aco,queen6_6,36,290,7,9.0,13,0,6,4,58.6193
dsatur,queen6_6,36,290,7,,9,0,2,0,0.0007
ga,queen6_6,36,290,7,0.0,11,0,4,2,1.6497
ga,queen6_6,36,290,7,1.0,12,0,5,3,1.6527
ga,queen6_6,36,290,7,2.0,11,0,4,2,1.6526
ga,queen6_6,36,290,7,3.0,13,0,6,4,1.656
ga,queen6_6,36,290,7,4.0,13,0,6,4,1.666
ga,queen6_6,36,290,7,5.0,12,0,5,3,1.6526
ga,queen6_6,36,290,7,6.0,12,0,5,3,1.6621
ga,queen6_6,36,290,7,7.0,11,0,4,2,1.6611
ga,queen6_6,36,290,7,8.0,12,0,5,3,1.6636
ga,queen6_6,36,290,7,9.0,12,0,5,3,1.6522
gae,queen6_6,36,290,7,0.0,12,0,5,3,1.759
gae,queen6_6,36,290,7,1.0,11,0,4,2,1.759
gae,queen6_6,36,290,7,2.0,13,0,6,4,1.7523
gae,queen6_6,36,290,7,3.0,11,0,4,2,1.7503
gae,queen6_6,36,290,7,4.0,12,0,5,3,1.7602
gae,queen6_6,36,290,7,5.0,12,0,5,3,1.7602
gae,queen6_6,36,290,7,6.0,12,0,5,3,1.7569
gae,queen6_6,36,290,7,7.0,12,0,5,3,1.7492
gae,queen6_6,36,290,7,8.0,14,0,7,5,1.757
gae,queen6_6,36,290,7,9.0,14,0,7,5,1.7593
hybrid_aco_sa,queen6_6,36,290,7,0.0,10,0,3,1,2.3026
hybrid_aco_sa,queen6_6,36,290,7,1.0,11,0,4,2,2.2971
hybrid_aco_sa,queen6_6,36,290,7,2.0,10,0,3,1,2.3027
hybrid_aco_sa,queen6_6,36,290,7,3.0,10,0,3,1,2.3022
hybrid_aco_sa,queen6_6,36,290,7,4.0,10,0,3,1,2.305
hybrid_aco_sa,queen6_6,36,290,7,5.0,10,0,3,1,2.309
hybrid_aco_sa,queen6_6,36,290,7,6.0,11,0,4,2,2.3029
hybrid_aco_sa,queen6_6,36,290,7,7.0,10,0,3,1,2.3013
hybrid_aco_sa,queen6_6,36,290,7,8.0,10,0,3,1,2.312
hybrid_aco_sa,queen6_6,36,290,7,9.0,9,0,2,0,2.312
hybrid_ga_sa,queen6_6,36,290,7,0.0,8,0,1,-1,84.7417
hybrid_ga_sa,queen6_6,36,290,7,1.0,8,0,1,-1,84.4115
hybrid_ga_sa,queen6_6,36,290,7,2.0,8,0,1,-1,84.4232
hybrid_ga_sa,queen6_6,36,290,7,3.0,8,0,1,-1,84.2658
hybrid_ga_sa,queen6_6,36,290,7,4.0,8,0,1,-1,84.3751
hybrid_ga_sa,queen6_6,36,290,7,5.0,8,0,1,-1,84.3119
hybrid_ga_sa,queen6_6,36,290,7,6.0,8,0,1,-1,84.2667
hybrid_ga_sa,queen6_6,36,290,7,7.0,8,0,1,-1,84.084
hybrid_ga_sa,queen6_6,36,290,7,8.0,8,0,1,-1,84.1804
hybrid_ga_sa,queen6_6,36,290,7,9.0,8,0,1,-1,84.3037
sa,queen6_6,36,290,7,0.0,14,0,7,5,0.4134
sa,queen6_6,36,290,7,1.0,15,0,8,6,0.4143
sa,queen6_6,36,290,7,2.0,14,0,7,5,0.4118
sa,queen6_6,36,290,7,3.0,14,0,7,5,0.4133
sa,queen6_6,36,290,7,4.0,14,0,7,5,0.4141
sa,queen6_6,36,290,7,5.0,15,0,8,6,0.4135
sa,queen6_6,36,290,7,6.0,16,0,9,7,0.4136
sa,queen6_6,36,290,7,7.0,16,0,9,7,0.414
sa,queen6_6,36,290,7,8.0,15,0,8,6,0.4142
sa,queen6_6,36,290,7,9.0,16,0,9,7,0.4146
aco,queen7_7,49,476,7,0.0,18,0,11,7,83.1304
aco,queen7_7,49,476,7,1.0,19,0,12,8,82.8414
aco,queen7_7,49,476,7,2.0,18,0,11,7,82.7521
aco,queen7_7,49,476,7,3.0,16,0,9,5,82.6086
aco,queen7_7,49,476,7,4.0,16,0,9,5,82.1785
aco,queen7_7,49,476,7,5.0,17,0,10,6,82.1599
aco,queen7_7,49,476,7,6.0,17,0,10,6,82.1807
aco,queen7_7,49,476,7,7.0,16,0,9,5,82.245
aco,queen7_7,49,476,7,8.0,16,0,9,5,82.1517
aco,queen7_7,49,476,7,9.0,17,0,10,6,82.0196
dsatur,queen7_7,49,476,7,,11,0,4,0,0.0011
ga,queen7_7,49,476,7,0.0,16,0,9,5,2.3893
ga,queen7_7,49,476,7,1.0,16,0,9,5,2.375
ga,queen7_7,49,476,7,2.0,18,0,11,7,2.3847
ga,queen7_7,49,476,7,3.0,17,0,10,6,2.4088
ga,queen7_7,49,476,7,4.0,15,0,8,4,2.3815
ga,queen7_7,49,476,7,5.0,16,0,9,5,2.3956
ga,queen7_7,49,476,7,6.0,18,0,11,7,2.4058
ga,queen7_7,49,476,7,7.0,16,0,9,5,2.4109
ga,queen7_7,49,476,7,8.0,17,0,10,6,2.4228
ga,queen7_7,49,476,7,9.0,17,0,10,6,2.3974
gae,queen7_7,49,476,7,0.0,16,0,9,5,2.538
gae,queen7_7,49,476,7,1.0,17,0,10,6,2.5434
gae,queen7_7,49,476,7,2.0,17,0,10,6,2.4925
gae,queen7_7,49,476,7,3.0,18,0,11,7,2.5185
gae,queen7_7,49,476,7,4.0,17,0,10,6,2.5165
gae,queen7_7,49,476,7,5.0,17,0,10,6,2.5217
gae,queen7_7,49,476,7,6.0,16,0,9,5,2.5035
gae,queen7_7,49,476,7,7.0,16,0,9,5,2.5156
gae,queen7_7,49,476,7,8.0,16,0,9,5,2.5035
gae,queen7_7,49,476,7,9.0,18,0,11,7,2.5143
hybrid_aco_sa,queen7_7,49,476,7,0.0,13,0,6,2,3.2259
hybrid_aco_sa,queen7_7,49,476,7,1.0,13,0,6,2,3.2241
hybrid_aco_sa,queen7_7,49,476,7,2.0,13,0,6,2,3.2377
hybrid_aco_sa,queen7_7,49,476,7,3.0,14,0,7,3,3.2381
hybrid_aco_sa,queen7_7,49,476,7,4.0,13,0,6,2,3.2428
hybrid_aco_sa,queen7_7,49,476,7,5.0,13,0,6,2,3.2344
hybrid_aco_sa,queen7_7,49,476,7,6.0,14,0,7,3,3.2387
hybrid_aco_sa,queen7_7,49,476,7,7.0,12,0,5,1,3.2283
hybrid_aco_sa,queen7_7,49,476,7,8.0,12,0,5,1,3.2238
hybrid_aco_sa,queen7_7,49,476,7,9.0,13,0,6,2,3.2338
hybrid_ga_sa,queen7_7,49,476,7,0.0,10,0,3,-1,120.5567
hybrid_ga_sa,queen7_7,49,476,7,1.0,10,0,3,-1,119.5598
hybrid_ga_sa,queen7_7,49,476,7,2.0,10,0,3,-1,119.3898
hybrid_ga_sa,queen7_7,49,476,7,3.0,10,0,3,-1,119.2818
hybrid_ga_sa,queen7_7,49,476,7,4.0,10,0,3,-1,119.7552
hybrid_ga_sa,queen7_7,49,476,7,5.0,10,0,3,-1,119.601
hybrid_ga_sa,queen7_7,49,476,7,6.0,10,0,3,-1,119.6155
hybrid_ga_sa,queen7_7,49,476,7,7.0,11,0,4,0,119.4774
hybrid_ga_sa,queen7_7,49,476,7,8.0,9,0,2,-2,119.5591
hybrid_ga_sa,queen7_7,49,476,7,9.0,9,0,2,-2,119.4009
sa,queen7_7,49,476,7,0.0,20,0,13,9,0.5765
sa,queen7_7,49,476,7,1.0,21,0,14,10,0.5772
sa,queen7_7,49,476,7,2.0,19,0,12,8,0.5795
sa,queen7_7,49,476,7,3.0,18,0,11,7,0.5806
sa,queen7_7,49,476,7,4.0,20,0,13,9,0.5854
sa,queen7_7,49,476,7,5.0,21,0,14,10,0.5819
sa,queen7_7,49,476,7,6.0,17,0,10,6,0.5827
sa,queen7_7,49,476,7,7.0,19,0,12,8,0.5823
sa,queen7_7,49,476,7,8.0,18,0,11,7,0.5835
sa,queen7_7,49,476,7,9.0,19,0,12,8,0.587
aco,queen8_8,64,728,9,0.0,22,0,13,10,111.7642
aco,queen8_8,64,728,9,1.0,21,0,12,9,111.4172
aco,queen8_8,64,728,9,2.0,20,0,11,8,111.1643
aco,queen8_8,64,728,9,3.0,23,0,14,11,111.2062
aco,queen8_8,64,728,9,4.0,22,0,13,10,111.0895
aco,queen8_8,64,728,9,5.0,22,0,13,10,111.0976
aco,queen8_8,64,728,9,6.0,19,0,10,7,111.1657
aco,queen8_8,64,728,9,7.0,22,0,13,10,111.0818
aco,queen8_8,64,728,9,8.0,23,0,14,11,110.866
aco,queen8_8,64,728,9,9.0,23,0,14,11,111.0156
dsatur,queen8_8,64,728,9,,12,0,3,0,0.0017
ga,queen8_8,64,728,9,0.0,24,0,15,12,3.2999
ga,queen8_8,64,728,9,1.0,22,0,13,10,3.3215
ga,queen8_8,64,728,9,2.0,22,0,13,10,3.3282
ga,queen8_8,64,728,9,3.0,22,0,13,10,3.2944
ga,queen8_8,64,728,9,4.0,24,0,15,12,3.3126
ga,queen8_8,64,728,9,5.0,22,0,13,10,3.3275
ga,queen8_8,64,728,9,6.0,24,0,15,12,3.2977
ga,queen8_8,64,728,9,7.0,22,0,13,10,3.3156
ga,queen8_8,64,728,9,8.0,20,0,11,8,3.3116
ga,queen8_8,64,728,9,9.0,23,0,14,11,3.2755
gae,queen8_8,64,728,9,0.0,22,0,13,10,3.478
gae,queen8_8,64,728,9,1.0,21,0,12,9,3.5011
gae,queen8_8,64,728,9,2.0,20,0,11,8,3.5092
gae,queen8_8,64,728,9,3.0,23,0,14,11,3.4773
gae,queen8_8,64,728,9,4.0,23,0,14,11,3.4714
gae,queen8_8,64,728,9,5.0,23,0,14,11,3.4525
gae,queen8_8,64,728,9,6.0,22,0,13,10,3.4836
gae,queen8_8,64,728,9,7.0,22,0,13,10,3.4823
gae,queen8_8,64,728,9,8.0,23,0,14,11,3.4635
gae,queen8_8,64,728,9,9.0,23,0,14,11,3.4724
hybrid_aco_sa,queen8_8,64,728,9,0.0,17,0,8,5,4.3569
hybrid_aco_sa,queen8_8,64,728,9,1.0,16,0,7,4,4.3794
hybrid_aco_sa,queen8_8,64,728,9,2.0,17,0,8,5,4.3829
hybrid_aco_sa,queen8_8,64,728,9,3.0,17,0,8,5,4.3808
hybrid_aco_sa,queen8_8,64,728,9,4.0,16,0,7,4,4.3753
hybrid_aco_sa,queen8_8,64,728,9,5.0,16,0,7,4,4.3701
hybrid_aco_sa,queen8_8,64,728,9,6.0,16,0,7,4,4.379
hybrid_aco_sa,queen8_8,64,728,9,7.0,16,0,7,4,4.3805
hybrid_aco_sa,queen8_8,64,728,9,8.0,17,0,8,5,4.3768
hybrid_aco_sa,queen8_8,64,728,9,9.0,16,0,7,4,4.3775
hybrid_ga_sa,queen8_8,64,728,9,0.0,13,0,4,1,164.8433
hybrid_ga_sa,queen8_8,64,728,9,1.0,13,0,4,1,164.3229
hybrid_ga_sa,queen8_8,64,728,9,2.0,12,0,3,0,164.001
hybrid_ga_sa,queen8_8,64,728,9,3.0,13,0,4,1,163.7703
hybrid_ga_sa,queen8_8,64,728,9,4.0,13,0,4,1,164.0973
hybrid_ga_sa,queen8_8,64,728,9,5.0,13,0,4,1,163.907
hybrid_ga_sa,queen8_8,64,728,9,6.0,12,0,3,0,164.4346
hybrid_ga_sa,queen8_8,64,728,9,7.0,13,0,4,1,163.5951
hybrid_ga_sa,queen8_8,64,728,9,8.0,12,0,3,0,163.9481
hybrid_ga_sa,queen8_8,64,728,9,9.0,12,0,3,0,163.9838
sa,queen8_8,64,728,9,0.0,24,0,15,12,0.801
sa,queen8_8,64,728,9,1.0,25,0,16,13,0.8035
sa,queen8_8,64,728,9,2.0,23,0,14,11,0.7966
sa,queen8_8,64,728,9,3.0,24,0,15,12,0.7992
sa,queen8_8,64,728,9,4.0,24,0,15,12,0.8034
sa,queen8_8,64,728,9,5.0,26,0,17,14,0.8039
sa,queen8_8,64,728,9,6.0,24,0,15,12,0.8039
sa,queen8_8,64,728,9,7.0,26,0,17,14,0.7976
sa,queen8_8,64,728,9,8.0,26,0,17,14,0.8012
sa,queen8_8,64,728,9,9.0,26,0,17,14,0.8058
