algo,n,varied_param,param_value,rep,k_used,dsatur_k,gap,runtime_s
sa,40,gamma,0.9,0,16,10,6,4.4433
sa,40,gamma,0.9,1,16,8,8,4.1231
sa,40,gamma,0.9,2,17,9,8,4.3228
sa,40,gamma,0.9,3,17,10,7,4.6545
sa,40,gamma,0.9,4,16,10,6,4.1014
sa,40,gamma,0.9,5,17,9,8,4.2986
sa,40,gamma,0.9,6,18,10,8,4.5674
sa,40,gamma,0.9,7,17,10,7,4.6010
sa,40,gamma,0.9,8,17,9,8,4.2357
sa,40,gamma,0.9,9,17,9,8,4.7459
sa,50,gamma,0.9,0,23,11,12,6.5422
sa,50,gamma,0.9,1,23,11,12,6.5002
sa,50,gamma,0.9,2,21,12,9,6.3395
sa,50,gamma,0.9,3,21,11,10,7.1964
sa,50,gamma,0.9,4,21,10,11,6.0537
sa,50,gamma,0.9,5,23,10,13,6.3381
sa,50,gamma,0.9,6,21,10,11,6.1558
sa,50,gamma,0.9,7,21,11,10,6.4230
sa,50,gamma,0.9,8,21,11,10,6.2146
sa,50,gamma,0.9,9,21,11,10,6.1946
sa,60,gamma,0.9,0,26,12,14,8.5937
sa,60,gamma,0.9,1,27,12,15,8.4158
sa,60,gamma,0.9,2,25,13,12,8.4809
sa,60,gamma,0.9,3,24,13,11,8.8013
sa,60,gamma,0.9,4,27,12,15,8.3932
sa,60,gamma,0.9,5,27,13,14,9.0276
sa,60,gamma,0.9,6,24,14,10,8.8546
sa,60,gamma,0.9,7,25,14,11,8.8224
sa,60,gamma,0.9,8,26,13,13,8.6359
sa,60,gamma,0.9,9,26,13,13,8.6772
sa,40,gamma,0.95,0,17,10,7,4.1794
sa,40,gamma,0.95,1,16,8,8,3.9886
sa,40,gamma,0.95,2,17,9,8,4.0737
sa,40,gamma,0.95,3,19,10,9,4.1441
sa,40,gamma,0.95,4,17,10,7,4.0821
sa,40,gamma,0.95,5,18,9,9,4.1868
sa,40,gamma,0.95,6,17,10,7,4.1709
sa,40,gamma,0.95,7,18,10,8,4.3563
sa,40,gamma,0.95,8,14,9,5,3.9213
sa,40,gamma,0.95,9,17,9,8,4.1967
sa,50,gamma,0.95,0,22,11,11,6.1716
sa,50,gamma,0.95,1,22,11,11,5.9244
sa,50,gamma,0.95,2,22,12,10,6.1770
sa,50,gamma,0.95,3,24,11,13,6.2449
sa,50,gamma,0.95,4,20,10,10,6.0455
sa,50,gamma,0.95,5,24,10,14,6.3225
sa,50,gamma,0.95,6,22,10,12,6.1640
sa,50,gamma,0.95,7,21,11,10,6.4354
sa,50,gamma,0.95,8,22,11,11,6.1812
sa,50,gamma,0.95,9,22,11,11,6.1428
sa,60,gamma,0.95,0,28,12,16,8.6029
sa,60,gamma,0.95,1,27,12,15,8.4830
sa,60,gamma,0.95,2,27,13,14,8.5062
sa,60,gamma,0.95,3,24,13,11,8.8693
sa,60,gamma,0.95,4,24,12,12,8.4159
sa,60,gamma,0.95,5,26,13,13,9.0122
sa,60,gamma,0.95,6,26,14,12,8.8361
sa,60,gamma,0.95,7,24,14,10,8.8220
sa,60,gamma,0.95,8,24,13,11,8.6463
sa,60,gamma,0.95,9,24,13,11,8.6138
sa,40,gamma,0.99,0,18,10,8,4.2457
sa,40,gamma,0.99,1,17,8,9,3.9736
sa,40,gamma,0.99,2,15,9,6,4.0823
sa,40,gamma,0.99,3,16,10,6,4.1262
sa,40,gamma,0.99,4,18,10,8,4.0755
sa,40,gamma,0.99,5,18,9,9,4.1864
sa,40,gamma,0.99,6,18,10,8,4.1702
sa,40,gamma,0.99,7,17,10,7,4.2979
sa,40,gamma,0.99,8,17,9,8,3.9857
sa,40,gamma,0.99,9,17,9,8,4.2077
sa,50,gamma,0.99,0,24,11,13,6.2444
sa,50,gamma,0.99,1,22,11,11,5.9303
sa,50,gamma,0.99,2,22,12,10,6.0832
sa,50,gamma,0.99,3,24,11,13,6.2275
sa,50,gamma,0.99,4,20,10,10,6.0438
sa,50,gamma,0.99,5,21,10,11,6.3211
sa,50,gamma,0.99,6,22,10,12,6.2262
sa,50,gamma,0.99,7,20,11,9,6.5259
sa,50,gamma,0.99,8,20,11,9,6.1823
sa,50,gamma,0.99,9,21,11,10,6.1571
sa,60,gamma,0.99,0,28,12,16,8.6124
sa,60,gamma,0.99,1,24,12,12,8.3950
sa,60,gamma,0.99,2,24,13,11,8.4925
sa,60,gamma,0.99,3,27,13,14,8.8100
sa,60,gamma,0.99,4,26,12,14,8.4074
sa,60,gamma,0.99,5,28,13,15,8.9639
sa,60,gamma,0.99,6,26,14,12,8.8089
sa,60,gamma,0.99,7,25,14,11,8.8232
sa,60,gamma,0.99,8,25,13,12,8.6271
sa,60,gamma,0.99,9,26,13,13,8.6271
sa,40,gamma,0.999,0,18,10,8,4.1826
sa,40,gamma,0.999,1,17,8,9,4.0190
sa,40,gamma,0.999,2,17,9,8,4.0813
sa,40,gamma,0.999,3,17,10,7,4.2312
sa,40,gamma,0.999,4,18,10,8,4.1669
sa,40,gamma,0.999,5,19,9,10,4.2019
sa,40,gamma,0.999,6,18,10,8,4.1829
sa,40,gamma,0.999,7,17,10,7,4.3044
sa,40,gamma,0.999,8,17,9,8,4.0212
sa,40,gamma,0.999,9,17,9,8,4.2386
sa,50,gamma,0.999,0,24,11,13,6.2305
sa,50,gamma,0.999,1,22,11,11,5.9791
sa,50,gamma,0.999,2,22,12,10,6.0881
sa,50,gamma,0.999,3,23,11,12,6.2576
sa,50,gamma,0.999,4,22,10,12,6.0414
sa,50,gamma,0.999,5,20,10,10,6.3832
sa,50,gamma,0.999,6,22,10,12,6.1684
sa,50,gamma,0.999,7,20,11,9,6.4304
sa,50,gamma,0.999,8,20,11,9,6.1957
sa,50,gamma,0.999,9,21,11,10,6.1587
sa,60,gamma,0.999,0,28,12,16,8.6071
sa,60,gamma,0.999,1,24,12,12,8.4133
sa,60,gamma,0.999,2,24,13,11,8.4852
sa,60,gamma,0.999,3,27,13,14,8.8104
sa,60,gamma,0.999,4,27,12,15,8.4135
sa,60,gamma,0.999,5,28,13,15,9.0051
sa,60,gamma,0.999,6,23,14,9,8.8082
sa,60,gamma,0.999,7,25,14,11,8.8359
sa,60,gamma,0.999,8,25,13,12,8.6397
sa,60,gamma,0.999,9,26,13,13,8.6968
sa,40,T0,10.0,0,18,10,8,4.2310
sa,40,T0,10.0,1,17,8,9,3.9791
sa,40,T0,10.0,2,17,9,8,4.0796
sa,40,T0,10.0,3,17,10,7,4.1189
sa,40,T0,10.0,4,18,10,8,4.0984
sa,40,T0,10.0,5,19,9,10,4.1876
sa,40,T0,10.0,6,18,10,8,4.2450
sa,40,T0,10.0,7,17,10,7,4.3083
sa,40,T0,10.0,8,17,9,8,3.9057
sa,40,T0,10.0,9,17,9,8,4.2027
sa,50,T0,10.0,0,24,11,13,6.1953
sa,50,T0,10.0,1,22,11,11,5.9223
sa,50,T0,10.0,2,22,12,10,6.0948
sa,50,T0,10.0,3,23,11,12,6.2553
sa,50,T0,10.0,4,22,10,12,6.0354
sa,50,T0,10.0,5,20,10,10,6.4314
sa,50,T0,10.0,6,22,10,12,6.1843
sa,50,T0,10.0,7,20,11,9,6.4247
sa,50,T0,10.0,8,20,11,9,6.1969
sa,50,T0,10.0,9,21,11,10,6.1585
sa,60,T0,10.0,0,28,12,16,8.6023
sa,60,T0,10.0,1,24,12,12,8.4353
sa,60,T0,10.0,2,24,13,11,8.5734
sa,60,T0,10.0,3,27,13,14,8.8275
sa,60,T0,10.0,4,27,12,15,8.4278
sa,60,T0,10.0,5,28,13,15,9.0176
sa,60,T0,10.0,6,23,14,9,8.8999
sa,60,T0,10.0,7,25,14,11,8.8210
sa,60,T0,10.0,8,25,13,12,8.6551
sa,60,T0,10.0,9,26,13,13,8.7495
sa,40,T0,50.0,0,18,10,8,4.2254
sa,40,T0,50.0,1,17,8,9,3.9878
sa,40,T0,50.0,2,17,9,8,4.0813
sa,40,T0,50.0,3,18,10,8,4.2114
sa,40,T0,50.0,4,18,10,8,4.1109
sa,40,T0,50.0,5,17,9,8,4.1806
sa,40,T0,50.0,6,17,10,7,4.1627
sa,40,T0,50.0,7,18,10,8,4.3144
sa,40,T0,50.0,8,17,9,8,3.9072
sa,40,T0,50.0,9,18,9,9,4.2043
sa,50,T0,50.0,0,21,11,10,6.1625
sa,50,T0,50.0,1,22,11,11,5.9260
sa,50,T0,50.0,2,22,12,10,6.0800
sa,50,T0,50.0,3,22,11,11,6.2383
sa,50,T0,50.0,4,20,10,10,6.0921
sa,50,T0,50.0,5,22,10,12,6.3216
sa,50,T0,50.0,6,22,10,12,6.2013
sa,50,T0,50.0,7,22,11,11,6.4543
sa,50,T0,50.0,8,20,11,9,6.1923
sa,50,T0,50.0,9,21,11,10,6.1455
sa,60,T0,50.0,0,26,12,14,8.6367
sa,60,T0,50.0,1,25,12,13,8.4073
sa,60,T0,50.0,2,23,13,10,9.1495
sa,60,T0,50.0,3,26,13,13,8.9475
sa,60,T0,50.0,4,28,12,16,8.4194
sa,60,T0,50.0,5,25,13,12,9.9012
sa,60,T0,50.0,6,26,14,12,8.8746
sa,60,T0,50.0,7,28,14,14,8.8385
sa,60,T0,50.0,8,25,13,12,8.6487
sa,60,T0,50.0,9,24,13,11,8.6262
sa,40,T0,100.0,0,17,10,7,4.2581
sa,40,T0,100.0,1,19,8,11,4.2253
sa,40,T0,100.0,2,17,9,8,4.3782
sa,40,T0,100.0,3,17,10,7,4.1164
sa,40,T0,100.0,4,18,10,8,4.0931
sa,40,T0,100.0,5,16,9,7,4.1901
sa,40,T0,100.0,6,15,10,5,4.1880
sa,40,T0,100.0,7,16,10,6,4.3245
sa,40,T0,100.0,8,17,9,8,3.9447
sa,40,T0,100.0,9,18,9,9,4.2721
sa,50,T0,100.0,0,21,11,10,6.1776
sa,50,T0,100.0,1,22,11,11,5.9401
sa,50,T0,100.0,2,23,12,11,6.1153
sa,50,T0,100.0,3,21,11,10,6.2713
sa,50,T0,100.0,4,21,10,11,6.0478
sa,50,T0,100.0,5,21,10,11,6.3237
sa,50,T0,100.0,6,23,10,13,6.1725
sa,50,T0,100.0,7,24,11,13,6.4238
sa,50,T0,100.0,8,22,11,11,6.1886
sa,50,T0,100.0,9,23,11,12,6.1899
sa,60,T0,100.0,0,28,12,16,8.6053
sa,60,T0,100.0,1,26,12,14,8.4027
sa,60,T0,100.0,2,24,13,11,8.4735
sa,60,T0,100.0,3,24,13,11,8.8329
sa,60,T0,100.0,4,23,12,11,8.4195
sa,60,T0,100.0,5,26,13,13,8.9730
sa,60,T0,100.0,6,28,14,14,8.8287
sa,60,T0,100.0,7,25,14,11,8.8228
sa,60,T0,100.0,8,26,13,13,8.7034
sa,60,T0,100.0,9,27,13,14,8.7111
sa,40,T0,200.0,0,18,10,8,4.1757
sa,40,T0,200.0,1,16,8,8,3.9811
sa,40,T0,200.0,2,20,9,11,4.0784
sa,40,T0,200.0,3,18,10,8,4.1143
sa,40,T0,200.0,4,16,10,6,4.0802
sa,40,T0,200.0,5,19,9,10,4.1881
sa,40,T0,200.0,6,19,10,9,4.1746
sa,40,T0,200.0,7,18,10,8,4.3166
sa,40,T0,200.0,8,16,9,7,3.9201
sa,40,T0,200.0,9,20,9,11,4.1898
sa,50,T0,200.0,0,22,11,11,6.1600
sa,50,T0,200.0,1,22,11,11,5.9518
sa,50,T0,200.0,2,20,12,8,6.0978
sa,50,T0,200.0,3,20,11,9,6.2544
sa,50,T0,200.0,4,21,10,11,6.0971
sa,50,T0,200.0,5,21,10,11,6.3606
sa,50,T0,200.0,6,20,10,10,6.2186
sa,50,T0,200.0,7,22,11,11,6.4177
sa,50,T0,200.0,8,19,11,8,6.1847
sa,50,T0,200.0,9,21,11,10,6.1364
sa,60,T0,200.0,0,25,12,13,8.6128
sa,60,T0,200.0,1,26,12,14,8.4034
sa,60,T0,200.0,2,26,13,13,8.4927
sa,60,T0,200.0,3,27,13,14,8.8250
sa,60,T0,200.0,4,24,12,12,8.4505
sa,60,T0,200.0,5,26,13,13,8.9804
sa,60,T0,200.0,6,24,14,10,8.8262
sa,60,T0,200.0,7,26,14,12,8.8331
sa,60,T0,200.0,8,26,13,13,8.7363
sa,60,T0,200.0,9,27,13,14,8.6908
sa,40,n_stall,100,0,18,10,8,4.2256
sa,40,n_stall,100,1,17,8,9,3.9874
sa,40,n_stall,100,2,17,9,8,4.0906
sa,40,n_stall,100,3,17,10,7,4.1150
sa,40,n_stall,100,4,18,10,8,4.1604
sa,40,n_stall,100,5,19,9,10,4.2277
sa,40,n_stall,100,6,18,10,8,4.1638
sa,40,n_stall,100,7,17,10,7,4.3026
sa,40,n_stall,100,8,17,9,8,3.9112
sa,40,n_stall,100,9,17,9,8,4.2092
sa,50,n_stall,100,0,24,11,13,6.1560
sa,50,n_stall,100,1,22,11,11,5.9258
sa,50,n_stall,100,2,22,12,10,6.0815
sa,50,n_stall,100,3,23,11,12,6.2358
sa,50,n_stall,100,4,22,10,12,6.0667
sa,50,n_stall,100,5,20,10,10,6.3227
sa,50,n_stall,100,6,22,10,12,6.1686
sa,50,n_stall,100,7,20,11,9,6.4315
sa,50,n_stall,100,8,20,11,9,6.2160
sa,50,n_stall,100,9,21,11,10,6.1625
sa,60,n_stall,100,0,28,12,16,8.6060
sa,60,n_stall,100,1,24,12,12,8.4068
sa,60,n_stall,100,2,24,13,11,8.4845
sa,60,n_stall,100,3,27,13,14,8.8521
sa,60,n_stall,100,4,27,12,15,8.4802
sa,60,n_stall,100,5,28,13,15,8.9738
sa,60,n_stall,100,6,23,14,9,8.8379
sa,60,n_stall,100,7,25,14,11,8.8877
sa,60,n_stall,100,8,25,13,12,8.6460
sa,60,n_stall,100,9,26,13,13,8.7116
sa,40,n_stall,250,0,20,10,10,4.2947
sa,40,n_stall,250,1,18,8,10,4.0008
sa,40,n_stall,250,2,18,9,9,4.0784
sa,40,n_stall,250,3,18,10,8,4.1192
sa,40,n_stall,250,4,18,10,8,4.0785
sa,40,n_stall,250,5,17,9,8,4.1847
sa,40,n_stall,250,6,19,10,9,4.1922
sa,40,n_stall,250,7,19,10,9,4.3043
sa,40,n_stall,250,8,18,9,9,3.9148
sa,40,n_stall,250,9,18,9,9,4.1895
sa,50,n_stall,250,0,24,11,13,6.1449
sa,50,n_stall,250,1,21,11,10,5.9145
sa,50,n_stall,250,2,23,12,11,6.0770
sa,50,n_stall,250,3,22,11,11,6.2375
sa,50,n_stall,250,4,22,10,12,6.0339
sa,50,n_stall,250,5,26,10,16,6.3084
sa,50,n_stall,250,6,24,10,14,6.1603
sa,50,n_stall,250,7,24,11,13,6.4178
sa,50,n_stall,250,8,23,11,12,6.1860
sa,50,n_stall,250,9,25,11,14,6.1415
sa,60,n_stall,250,0,27,12,15,8.5938
sa,60,n_stall,250,1,28,12,16,8.4032
sa,60,n_stall,250,2,28,13,15,8.4851
sa,60,n_stall,250,3,29,13,16,10.3113
sa,60,n_stall,250,4,29,12,17,8.4253
sa,60,n_stall,250,5,28,13,15,9.0276
sa,60,n_stall,250,6,30,14,16,8.8773
sa,60,n_stall,250,7,27,14,13,8.8387
sa,60,n_stall,250,8,30,13,17,8.6874
sa,60,n_stall,250,9,28,13,15,8.6706
sa,40,n_stall,500,0,19,10,9,4.2505
sa,40,n_stall,500,1,20,8,12,3.9825
sa,40,n_stall,500,2,19,9,10,4.0695
sa,40,n_stall,500,3,20,10,10,4.1979
sa,40,n_stall,500,4,19,10,9,4.0787
sa,40,n_stall,500,5,21,9,12,4.1933
sa,40,n_stall,500,6,19,10,9,4.1732
sa,40,n_stall,500,7,19,10,9,4.3089
sa,40,n_stall,500,8,21,9,12,3.9190
sa,40,n_stall,500,9,20,9,11,4.2054
sa,50,n_stall,500,0,23,11,12,6.1569
sa,50,n_stall,500,1,24,11,13,6.0160
sa,50,n_stall,500,2,25,12,13,6.1193
sa,50,n_stall,500,3,24,11,13,6.2419
sa,50,n_stall,500,4,24,10,14,6.0255
sa,50,n_stall,500,5,24,10,14,6.9211
sa,50,n_stall,500,6,24,10,14,6.2235
sa,50,n_stall,500,7,26,11,15,6.4526
sa,50,n_stall,500,8,26,11,15,6.1851
sa,50,n_stall,500,9,25,11,14,6.1725
sa,60,n_stall,500,0,29,12,17,8.6399
sa,60,n_stall,500,1,31,12,19,8.4530
sa,60,n_stall,500,2,32,13,19,8.4939
sa,60,n_stall,500,3,29,13,16,9.2495
sa,60,n_stall,500,4,29,12,17,9.0229
sa,60,n_stall,500,5,29,13,16,8.9730
sa,60,n_stall,500,6,31,14,17,8.8291
sa,60,n_stall,500,7,30,14,16,8.8235
sa,60,n_stall,500,8,30,13,17,8.6632
sa,60,n_stall,500,9,30,13,17,8.6212
sa,40,n_stall,1000,0,22,10,12,4.2215
sa,40,n_stall,1000,1,21,8,13,3.9807
sa,40,n_stall,1000,2,20,9,11,4.0772
sa,40,n_stall,1000,3,20,10,10,4.1094
sa,40,n_stall,1000,4,19,10,9,4.0762
sa,40,n_stall,1000,5,20,9,11,4.1734
sa,40,n_stall,1000,6,21,10,11,4.1647
sa,40,n_stall,1000,7,21,10,11,4.2997
sa,40,n_stall,1000,8,20,9,11,3.9053
sa,40,n_stall,1000,9,21,9,12,4.2075
sa,50,n_stall,1000,0,27,11,16,6.1679
sa,50,n_stall,1000,1,26,11,15,5.9877
sa,50,n_stall,1000,2,26,12,14,6.0668
sa,50,n_stall,1000,3,27,11,16,6.2386
sa,50,n_stall,1000,4,26,10,16,6.0307
sa,50,n_stall,1000,5,26,10,16,6.3139
sa,50,n_stall,1000,6,26,10,16,6.1645
sa,50,n_stall,1000,7,28,11,17,6.4308
sa,50,n_stall,1000,8,23,11,12,6.1825
sa,50,n_stall,1000,9,27,11,16,6.1620
sa,60,n_stall,1000,0,31,12,19,8.6701
sa,60,n_stall,1000,1,32,12,20,8.4031
sa,60,n_stall,1000,2,32,13,19,8.5865
sa,60,n_stall,1000,3,32,13,19,8.8901
sa,60,n_stall,1000,4,32,12,20,8.4182
sa,60,n_stall,1000,5,33,13,20,8.9720
sa,60,n_stall,1000,6,34,14,20,8.8251
sa,60,n_stall,1000,7,31,14,17,8.8395
sa,60,n_stall,1000,8,31,13,18,8.6350
sa,60,n_stall,1000,9,31,13,18,8.6183
